Name,Email,Phone_Number,Company,Title
Fernando Myers,fernandomyers@testemail.com,4074627289,Martin-Gates,"Nurse, children's"
Danielle Sheppard,daniellesheppard@testemail.com,001-580-334-4312,Brown PLC,Counsellor
Christian Castillo,christiancastillo@testemail.com,218.549.2269x012,Brown-Hawkins,Legal secretary
Christopher Miller,christophermiller@testemail.com,+1-967-239-0327x53614,Nunez and Sons,Quantity surveyor
Larry Mata,larrymata@testemail.com,001-773-633-6096,Anderson-Morris,Systems analyst
Jared Barnes,jaredbarnes@testemail.com,-4840,Harris-Chapman,Dispensing optician
Anne Jones,annejones@testemail.com,001-929-348-2807x08421,Cervantes,Energy manager
Brandon Bradshaw,brandonbradshaw@testemail.com,001-060-973-6282x713,Cervantes,"Psychotherapist, child"
Gloria Pitts,gloriapitts@testemail.com,001-375-292-2149x505,Galvan PLC,Insurance risk surveyor
Tyler Norton,tylernorton@testemail.com,356.177.9987x5103,Ramos-Montgomery,Physiological scientist
Robert Reynolds,robertreynolds@testemail.com,4897886678,Montgomery-Brady,Ecologist
Madison Carson PhD,madisoncarsonphd@testemail.com,001-927-289-7049x277,Kelly Inc,Orthoptist
Jason Lewis,jasonlewis@testemail.com,(287)381-3185x5516,Henderson-Silva,Physiotherapist
Brandi Collins,brandicollins@testemail.com,001-469-099-6781x8044,Clark Inc,Operational researcher
Phillip Hayden,philliphayden@testemail.com,+1-833-399-2550x7373,Potter LLC,Marketing executive
Heather Sherman,heathersherman@testemail.com,(368)415-8949x471,Fisher-Stevenson,Legal executive
Aaron Nguyen,aaronnguyen@testemail.com,001-252-254-3184,Martinez PLC,Sport and exercise psychologist
Dominique Orozco,dominiqueorozco@testemail.com,(068)427-9725x3731,Saunders-Nichols,Medical physicist
Robert King,robertking@testemail.com,(745)609-1034,"Johnson, Jones and Shah",Investment analyst
Courtney Stone,courtneystone@testemail.com,2830623027,Torres Ltd,Accommodation manager
William Smith,williamsmith@testemail.com,001-462-254-0785x76363,Allen LLC,Emergency planning/management officer
Terry Waters,terrywaters@testemail.com,(565)418-2061x8457,Johnson PLC,Clinical molecular geneticist
Peter Dennis,peterdennis@testemail.com,488-785-5557x797,"Bell, Dean and Oneill",Economist
Christian Lawrence,christianlawrence@testemail.com,+1-496-912-9794x446,Cervantes,Hydrogeologist
Jill Grimes,jillgrimes@testemail.com,(861)290-5117,Hunt-Reed,"Engineer, water"
Taylor Perez,taylorperez@testemail.com,8524136612,Hammond Inc,Medical physicist
Tammy Johnson,tammyjohnson@testemail.com,980.767.6966x8592,"Cooper, Chan and Banks",Special educational needs teacher
Manuel Hurst,manuelhurst@testemail.com,001-535-741-6968,Morse Group,Risk analyst
Kendra Floyd,kendrafloyd@testemail.com,001-952-629-3050x82936,Montes-Barnes,Television floor manager
Ashley Montgomery,ashleymontgomery@testemail.com,833-777-9203x04459,Medina-Davis,Manufacturing engineer
Christina Wilson,christinawilson@testemail.com,+1-822-575-7758x435,Martinez PLC,Higher education careers adviser
Derek Kennedy,derekkennedy@testemail.com,+1-517-619-7144x0175,Smith PLC,"Scientist, physiological"
Nathan Melendez,nathanmelendez@testemail.com,099.158.0469x548,Nunez and Sons,Logistics and distribution manager
Dustin Wilson,dustinwilson@testemail.com,+1-806-461-3181x794,Potter LLC,"Teacher, special educational needs"
Melissa Eaton,melissaeaton@testemail.com,001-556-360-2823x4101,Guerra-Garcia,Electrical engineer
Mr. Jay Harris,mr.jayharris@testemail.com,290-058-6056x83869,Warren Ltd,"Editor, commissioning"
Stephanie George,stephaniegeorge@testemail.com,001-879-607-9669x145,"Russo, Moran and Hoffman",Mudlogger
Jennifer Harris,jenniferharris@testemail.com,773-558-7869x37987,Olson-Sanders,"Editor, film/video"
Patrick Ford,patrickford@testemail.com,298-891-2620x829,"Bowen, Williams and Howard",Dramatherapist
Chelsea Holland,chelseaholland@testemail.com,001-253-295-7662x52674,Rogers PLC,Commercial art gallery manager
Leslie Chase,lesliechase@testemail.com,590.338.0098,Torres Ltd,Recycling officer
Daniel Hernandez,danielhernandez@testemail.com,962.578.1972x417,Glover-Rivera,Museum/gallery conservator
Christine Ayers,christineayers@testemail.com,996-166-3931x1226,Potter LLC,Pension scheme manager
Sonia Stevens,soniastevens@testemail.com,-1875,Galvan PLC,Physiotherapist
Mary Rogers,maryrogers@testemail.com,001-079-532-8582x71982,Nelson and Sons,Building services engineer
Anthony Wilson,anthonywilson@testemail.com,(419)930-7245,"Russo, Moran and Hoffman","Therapist, nutritional"
Michael Greene,michaelgreene@testemail.com,752.370.8935x112,Glover-Rivera,Clothing/textile technologist
Thomas Lawson,thomaslawson@testemail.com,001-824-402-4761x210,King and Sons,"Psychotherapist, dance movement"
Adam Alexander,adamalexander@testemail.com,883.259.0262x1159,"Riley, Edwards and Calderon",Office manager
Stephanie Hobbs,stephaniehobbs@testemail.com,217.172.2657,"Miller, Hoover and Erickson",Quality manager
Carlos Roman,carlosroman@testemail.com,001-521-551-1267x636,Hernandez-Woods,Publishing rights manager
Katelyn Williams,katelynwilliams@testemail.com,+1-138-834-1320x03116,"Moore, Warren and Morris",Data processing manager
Eric Hunt,erichunt@testemail.com,226.644.1154x658,Adams LLC,"Social research officer, government"
Tyrone Hernandez DDS,tyronehernandezdds@testemail.com,(539)832-5657,Rogers PLC,"Buyer, industrial"
Joseph Jones,josephjones@testemail.com,129-505-4345x88928,Hernandez-Woods,Volunteer coordinator
Anthony Pierce,anthonypierce@testemail.com,(881)202-2981x829,Medina-Davis,Maintenance engineer
Nicole Martinez,nicolemartinez@testemail.com,-8347,Ortiz-Pham,Commissioning editor
Toni Ayala,toniayala@testemail.com,2525946347,Fisher-Stevenson,Illustrator
Wyatt Berry,wyattberry@testemail.com,806-971-3893x8400,"Bowen, Williams and Howard","Scientist, product/process development"
Eileen Park,eileenpark@testemail.com,648-615-4205,"Ellis, Smith and Johnson",Restaurant manager
Heather Gutierrez,heathergutierrez@testemail.com,919-914-5138,Nunez and Sons,Broadcast presenter
Colton Jones,coltonjones@testemail.com,+1-585-888-9041x9879,Fernandez-Martin,Tour manager
Darin Martinez,darinmartinez@testemail.com,+1-305-723-3707x1280,"Jones, Riddle and Stark",Tax adviser
Tina Mccarthy,tinamccarthy@testemail.com,(420)410-7339x69201,"Baker, Mcdaniel and Cruz",Special educational needs teacher
Troy Brewer,troybrewer@testemail.com,+1-795-915-0440x674,"Miller, Hoover and Erickson",Health visitor
Brian Diaz,briandiaz@testemail.com,474.165.6922x534,Walker-Stephens,Fish farm manager
Taylor Gibson,taylorgibson@testemail.com,-3305,King and Sons,"Psychologist, clinical"
James Sexton,jamessexton@testemail.com,+1-641-011-3489x00275,Brown PLC,"Production designer, theatre/television/film"
Eric Farley,ericfarley@testemail.com,(595)525-1865,Martinez PLC,Architectural technologist
Angelica Taylor,angelicataylor@testemail.com,733.994.2455x32744,Young-Garcia,Fast food restaurant manager
Kendra Kelly,kendrakelly@testemail.com,435.679.0417,Martinez PLC,Retail buyer
Rebecca Turner,rebeccaturner@testemail.com,(210)154-1048,Glover-Rivera,Copy
Eric Tucker,erictucker@testemail.com,8115652807,Adams LLC,Comptroller
Christopher Rose,christopherrose@testemail.com,001-227-527-3583x0233,"Bass, Ortiz and Fitzpatrick",Warehouse manager
Christina Benson,christinabenson@testemail.com,(757)979-8717x32637,Fisher-Stevenson,Building services engineer
Jeremy Flores,jeremyflores@testemail.com,001-855-050-9518x9490,Martin-Gates,Musician
Jennifer Williams,jenniferwilliams@testemail.com,091-471-7860x435,Wiley Group,Financial planner
Brooke Lewis,brookelewis@testemail.com,8730052552,Fernandez-Martin,Software engineer
Nicole Noble,nicolenoble@testemail.com,+1-917-357-7512x7157,"Lynch, Harris and Cook",Information systems manager
Susan Barker,susanbarker@testemail.com,084-635-8215x5405,Wood-Jarvis,"Librarian, academic"
Justin Burgess,justinburgess@testemail.com,001-784-224-8870x3788,Gross-Kennedy,Financial manager
Phillip Hardy,philliphardy@testemail.com,+1-608-887-2128x7835,Morse Group,Health promotion specialist
Heidi Green,heidigreen@testemail.com,582-415-3453,Montes-Barnes,"Investment banker, operational"
Ricky Chan,rickychan@testemail.com,817.972.0150,Adams LLC,Publishing copy
Candice Riley,candiceriley@testemail.com,+1-222-542-2462x81656,"Ellis, Smith and Johnson","Psychologist, forensic"
Heather Marsh,heathermarsh@testemail.com,+1-633-794-8543x5683,Adams LLC,Public affairs consultant
Natalie Baker,nataliebaker@testemail.com,217.939.2801x586,Walker-Stephens,"Surveyor, quantity"
Mary Anderson,maryanderson@testemail.com,001-184-551-2580x42884,Fernandez-Martin,"Sales professional, IT"
Ryan Griffin,ryangriffin@testemail.com,2995894426,Rogers PLC,Forensic psychologist
Janet Andrews,janetandrews@testemail.com,+1-523-800-3638x0149,Martinez PLC,Information systems manager
Andrew Snow,andrewsnow@testemail.com,065-253-1065x705,"Moore, Warren and Morris","Editor, magazine features"
Paula Hurley,paulahurley@testemail.com,001-174-701-2469,Whitehead-Bell,Hotel manager
Kyle Sutton,kylesutton@testemail.com,001-741-756-6134x4374,Wiley Group,Pension scheme manager
Jeffrey Flores,jeffreyflores@testemail.com,+1-881-226-6112x069,Potter LLC,"Therapist, drama"
Cindy Cook,cindycook@testemail.com,340.748.9275x61653,Allen LLC,Microbiologist
Linda Jones,lindajones@testemail.com,(324)763-8137x597,Medina-Davis,Armed forces technical officer
Leslie Hammond,lesliehammond@testemail.com,+1-536-807-2417x113,"Johnson, Jones and Shah",Arboriculturist
Elizabeth Wheeler,elizabethwheeler@testemail.com,125-468-8380x1850,"Bass, Ortiz and Fitzpatrick",Meteorologist
Keith Walters,keithwalters@testemail.com,8642602661,Walker-Stephens,Local government officer
Sarah Stafford,sarahstafford@testemail.com,(560)639-3355x6106,Martinez PLC,Chief Strategy Officer
Molly Hill,mollyhill@testemail.com,001-577-037-0918,Campos Group,Community education officer
Aaron Weaver,aaronweaver@testemail.com,396.207.2118x264,"Russo, Moran and Hoffman",Planning and development surveyor
Christopher Daniel,christopherdaniel@testemail.com,398.247.7670x92992,Smith PLC,"Education officer, museum"
Dr. Jenna Crawford,dr.jennacrawford@testemail.com,5888628756,"Johnson, Jones and Shah",Dispensing optician
Thomas Drake,thomasdrake@testemail.com,(731)445-5931,"Riley, Edwards and Calderon","Librarian, academic"
Taylor Cantu,taylorcantu@testemail.com,001-581-755-8831x94245,Rogers PLC,Learning disability nurse
Alyssa Martin,alyssamartin@testemail.com,001-532-520-4079x881,Potter LLC,Equities trader
Gabriela Porter,gabrielaporter@testemail.com,(616)364-4272,Morse Group,Barrister
Scott Armstrong,scottarmstrong@testemail.com,(926)508-5973x803,Whitehead-Bell,Waste management officer
Melanie Flores,melanieflores@testemail.com,562.312.2054x59376,Brown PLC,"Engineer, aeronautical"
Diana Taylor,dianataylor@testemail.com,5985585337,Cooper-West,"Designer, industrial/product"
Keith Frazier,keithfrazier@testemail.com,+1-166-184-9132x700,Cervantes,Actuary
Lauren Waters,laurenwaters@testemail.com,+1-212-061-1946x4017,Duarte-Patterson,Corporate treasurer
Shannon Doyle,shannondoyle@testemail.com,599-728-9995,Flores-Reese,Careers information officer
Heather Chavez,heatherchavez@testemail.com,299-296-1722x2785,Fox-Bradley,Geochemist
David Miller,davidmiller@testemail.com,893-966-1781x035,Ortiz-Pham,Agricultural consultant
Jonathan Vasquez,jonathanvasquez@testemail.com,(433)851-6154,Rogers PLC,Fast food restaurant manager
Jessica Petersen,jessicapetersen@testemail.com,001-528-171-2913,Duarte-Patterson,Midwife
Roger Wolfe,rogerwolfe@testemail.com,5575997884,Perkins-Watkins,"Radiographer, diagnostic"
Raymond Edwards,raymondedwards@testemail.com,001-232-455-5703,Torres Ltd,Ship broker
Gregory Diaz,gregorydiaz@testemail.com,+1-133-896-7115x8542,Henderson-Silva,"Engineer, civil (consulting)"
Nicole Mcclure,nicolemcclure@testemail.com,(056)715-2601,"Lynch, Harris and Cook",Barista
Christopher Banks,christopherbanks@testemail.com,860.810.6842x842,Campos Group,Engineering geologist
Anthony Sparks,anthonysparks@testemail.com,441.331.4615x139,"Bowen, Williams and Howard",Maintenance engineer
Ronald Petty,ronaldpetty@testemail.com,573.256.7016x56872,Williams LLC,Print production planner
Angelica Smith,angelicasmith@testemail.com,(345)632-1924,Potter LLC,Insurance claims handler
Mr. Jason Gonzalez,mr.jasongonzalez@testemail.com,853.184.8768x721,King and Sons,"Merchandiser, retail"
Karen Jones,karenjones@testemail.com,219.826.0686x41316,"Garcia, Lee and Williams",Agricultural engineer
Michael Bauer,michaelbauer@testemail.com,(775)612-3871,Saunders-Nichols,Special effects artist
Sandra Leonard,sandraleonard@testemail.com,262.418.7932x7007,"Bass, Ortiz and Fitzpatrick",Banker
Felicia Wright,feliciawright@testemail.com,(093)336-2429,Saunders-Nichols,Food technologist
Mr. Jason Blake PhD,mr.jasonblakephd@testemail.com,+1-362-757-4608x72073,Henderson-Silva,Museum/gallery conservator
Christina Dalton,christinadalton@testemail.com,9083914680,Cooper-West,Architectural technologist
Kimberly Hebert,kimberlyhebert@testemail.com,(509)082-5529x202,Fernandez-Martin,Production manager
Charles Wiggins,charleswiggins@testemail.com,6408175732,Rogers PLC,Barista
Christopher Garcia DVM,christophergarciadvm@testemail.com,4271986915,Campos Group,Chartered accountant
Michelle Salas,michellesalas@testemail.com,(590)058-5059x872,Montes-Barnes,Firefighter
Roger Ramirez,rogerramirez@testemail.com,001-815-920-2451,Torres Ltd,Photographer
Reginald Holloway,reginaldholloway@testemail.com,-4062,Cervantes,Wellsite geologist
Dominic Petty,dominicpetty@testemail.com,+1-464-214-2576x09124,"Bowen, Williams and Howard",Fast food restaurant manager
Cindy Sellers,cindysellers@testemail.com,+1-126-997-4950x974,Weiss-Ortiz,"Designer, multimedia"
Michael Carroll,michaelcarroll@testemail.com,066.911.1586,"Russo, Moran and Hoffman",Technical brewer
Chad Gilbert,chadgilbert@testemail.com,(895)467-8823x254,Henderson-Silva,"Sound technician, broadcasting/film/video"
Jillian Collins,jilliancollins@testemail.com,312-703-5752,"Wagner, Bailey and Guzman",Furniture conservator/restorer
Amanda Gonzalez,amandagonzalez@testemail.com,(903)335-8122,"Powell, Mcmahon and Shaffer",Publishing rights manager
Amanda Dixon,amandadixon@testemail.com,830-558-3016x635,Adams LLC,"Geologist, wellsite"
John Welch,johnwelch@testemail.com,(196)536-0825,Martinez PLC,Counselling psychologist
Karen Tyler,karentyler@testemail.com,5002918295,Walker-Stephens,Radio broadcast assistant
Teresa Thomas,teresathomas@testemail.com,194.025.3358x2407,Lopez-Kirby,Comptroller
Timothy Ruiz,timothyruiz@testemail.com,-4003,Medina-Davis,Psychiatric nurse
Antonio Salazar,antoniosalazar@testemail.com,945.045.4275x4217,Johnson PLC,Public relations officer
Linda Marquez,lindamarquez@testemail.com,+1-240-351-7317x06260,Whitehead-Bell,Banker
Angela Pugh,angelapugh@testemail.com,001-053-514-9571x7385,Flores-Reese,"Journalist, newspaper"
Laura Morales,lauramorales@testemail.com,432.901.7663x4697,Montes-Barnes,"Designer, fashion/clothing"
Maria Lamb,marialamb@testemail.com,029.301.5015x64691,Gross-Kennedy,"Engineer, manufacturing"
Michele Greer,michelegreer@testemail.com,+1-341-188-6380x1999,Preston Group,"Copywriter, advertising"
Paul Richardson,paulrichardson@testemail.com,+1-248-388-5017x88227,Manning Inc,Web designer
Randy Adams,randyadams@testemail.com,631.378.4594,Martinez PLC,Publishing copy
Sheila Peterson,sheilapeterson@testemail.com,+1-838-377-4318x83609,Myers-Dawson,Tax adviser
Natalie Rivers,natalierivers@testemail.com,015.438.3344x523,"Boyd, Alexander and Walker","Engineer, agricultural"
Ashley Smith,ashleysmith@testemail.com,559-535-6384x2710,"Riley, Edwards and Calderon",Quarry manager
Kathy Rose,kathyrose@testemail.com,+1-745-399-6611x046,"Bell, Dean and Oneill",Insurance account manager
Donna Travis,donnatravis@testemail.com,+1-160-707-8268x239,Hernandez-Woods,Associate Professor
Kenneth Hoover,kennethhoover@testemail.com,001-518-338-8319x38378,Henderson-Silva,Metallurgist
Larry Irwin,larryirwin@testemail.com,(304)152-3796x45693,Potter LLC,"Lecturer, higher education"
Christopher Livingston PhD,christopherlivingstonphd@testemail.com,(654)904-8006,Adams LLC,Geophysical data processor
John Rodriguez,johnrodriguez@testemail.com,541-752-0648x43158,Nunez and Sons,Multimedia specialist
Elizabeth Pollard,elizabethpollard@testemail.com,-1846,Hammond Inc,Glass blower/designer
Mrs. Natasha Best,mrs.natashabest@testemail.com,-6679,Smith PLC,"Restaurant manager, fast food"
Lindsey Gonzales,lindseygonzales@testemail.com,239.687.9944x58774,"Barnes, Whitehead and Gray",Contractor
Michael Skinner,michaelskinner@testemail.com,221-777-7189,Harris-Becker,Actor
Brooke Rodriguez,brookerodriguez@testemail.com,001-214-652-0067x2499,Potter LLC,Ambulance person
Jessica Barnes,jessicabarnes@testemail.com,(373)774-3025,"Brown, Woodward and Sexton","Surveyor, mining"
Samuel Heath,samuelheath@testemail.com,+1-008-448-7625x154,Medina-Davis,"Programme researcher, broadcasting/film/video"
Jordan Ho,jordanho@testemail.com,-9084,"Sawyer, Powers and Parrish",Architect
Jason Miller,jasonmiller@testemail.com,001-574-456-8575,Nelson and Sons,"Teacher, music"
Bonnie Anderson,bonnieanderson@testemail.com,730.183.5107x0308,Preston Group,"Buyer, retail"
Jimmy Adams,jimmyadams@testemail.com,471-182-8806,Ramos-Montgomery,"Development worker, international aid"
Elizabeth Fox,elizabethfox@testemail.com,494-962-2695x658,Warren Ltd,Special educational needs teacher
Katie Clark,katieclark@testemail.com,001-161-706-1144x3300,"Baker, Mcdaniel and Cruz",Colour technologist
Hayley Robinson,hayleyrobinson@testemail.com,001-829-242-9351,"Powell, Mcmahon and Shaffer","Production assistant, television"
Robert Sampson,robertsampson@testemail.com,(998)746-5964x433,Ortiz-Pham,Sub
Amanda Alexander,amandaalexander@testemail.com,-6309,Potter LLC,Horticultural consultant
Gregory Johnson,gregoryjohnson@testemail.com,001-943-336-2033x7112,Guerra-Garcia,Mining engineer
Amy Wright,amywright@testemail.com,001-392-290-0426,Weiss-Ortiz,"Scientist, clinical (histocompatibility and immunogenetics)"
Samuel Hunter,samuelhunter@testemail.com,001-236-675-7509x29779,"Bowen, Williams and Howard",Interior and spatial designer
Thomas Davis Jr.,thomasdavisjr.@testemail.com,001-383-647-5882,Fisher-Stevenson,"Engineer, chemical"
Kevin Buchanan,kevinbuchanan@testemail.com,-2157,Potter LLC,Chief Executive Officer
Ms. Cindy Juarez MD,ms.cindyjuarezmd@testemail.com,(918)834-6870,"Barnes, Whitehead and Gray",Forensic psychologist
Erin Williams,erinwilliams@testemail.com,(609)685-5115x9990,Guerra-Garcia,"Engineer, civil (consulting)"
Crystal Hunt,crystalhunt@testemail.com,001-930-113-2241x7905,Gross-Kennedy,Pensions consultant
Alyssa Lang,alyssalang@testemail.com,046-437-4078x770,"Brown, Woodward and Sexton",Advice worker
Emily Thomas,emilythomas@testemail.com,7464553733,King and Sons,"Lighting technician, broadcasting/film/video"
Daniel Aguilar,danielaguilar@testemail.com,399.196.7729x444,Fisher-Stevenson,Quarry manager
Sharon Hammond,sharonhammond@testemail.com,1250087637,Galvan PLC,Museum/gallery exhibitions officer
Heather Orozco,heatherorozco@testemail.com,(158)004-0720,"Wagner, Bailey and Guzman",Ophthalmologist
Kimberly Welch,kimberlywelch@testemail.com,(569)878-2987x3660,Cervantes,"Geneticist, molecular"
Lisa Cross,lisacross@testemail.com,9439663230,Morse Group,Television/film/video producer
Shawn Griffith,shawngriffith@testemail.com,001-149-525-4147x72193,"Ellis, Smith and Johnson",Analytical chemist
Virginia Perez,virginiaperez@testemail.com,799.649.4849,Perkins-Watkins,Logistics and distribution manager
James Hooper,jameshooper@testemail.com,3566346529,"Raymond, Terry and Warner","Teacher, adult education"
Ronnie Robinson,ronnierobinson@testemail.com,963.467.9419,Myers-Dawson,"Engineer, maintenance"
Kevin Schmidt,kevinschmidt@testemail.com,085.983.3578x6785,Potter LLC,Systems developer
Daniel Pennington,danielpennington@testemail.com,001-502-169-6213,Berg Ltd,Homeopath
Ryan Wang,ryanwang@testemail.com,851.318.8857x61409,"Bowen, Williams and Howard",Armed forces logistics/support/administrative officer
Renee Tucker,reneetucker@testemail.com,(462)129-4958x21388,Neal LLC,Race relations officer
Shannon Potts,shannonpotts@testemail.com,001-179-585-6949,Hardy and Sons,Barrister's clerk
Annette Carter,annettecarter@testemail.com,(984)152-9747,Kelly Inc,Community pharmacist
Samantha Wilson,samanthawilson@testemail.com,681-052-9430x78382,Nunez and Sons,Visual merchandiser
Diane Owens,dianeowens@testemail.com,7659725221,Smith PLC,Insurance risk surveyor
Megan Lopez,meganlopez@testemail.com,+1-144-840-2620x2627,Nelson and Sons,"Therapist, speech and language"
Caroline Garcia,carolinegarcia@testemail.com,001-263-772-6969x98339,"Bass, Ortiz and Fitzpatrick",Theatre manager
Eric Martinez,ericmartinez@testemail.com,(395)658-2547x648,"Bowen, Williams and Howard",Environmental education officer
Danielle Craig,daniellecraig@testemail.com,3212697147,Clark Inc,Advertising art director
William Moon,williammoon@testemail.com,505.426.2694x381,"Boyd, Alexander and Walker","Administrator, sports"
Nicolas Fernandez PhD,nicolasfernandezphd@testemail.com,001-344-708-5078x5827,Lopez-Kirby,Jewellery designer
Sydney Jones,sydneyjones@testemail.com,-8225,Martinez PLC,"Psychologist, prison and probation services"
Morgan Horn,morganhorn@testemail.com,566.719.8871x260,Montgomery-Cox,Biomedical engineer
Cynthia Escobar,cynthiaescobar@testemail.com,979.591.3005,Rogers PLC,Armed forces logistics/support/administrative officer
Robert Phillips,robertphillips@testemail.com,8025813987,Nelson and Sons,Sub
David Thomas,davidthomas@testemail.com,534-819-7913,Hunt-Reed,Estate manager/land agent
David Hines,davidhines@testemail.com,856-664-6020x459,Henderson-Silva,"Geologist, wellsite"
Jessica Butler,jessicabutler@testemail.com,(775)593-4796,Montgomery-Cox,Telecommunications researcher
Casey Ortiz,caseyortiz@testemail.com,754.547.7144x85013,Martinez PLC,Contractor
Kristina Vasquez,kristinavasquez@testemail.com,382.498.5794x052,Whitehead-Bell,Private music teacher
Veronica Ward,veronicaward@testemail.com,+1-761-053-2077x727,Manning Inc,Records manager
Jennifer Malone,jennifermalone@testemail.com,272-579-5341,Flores-Reese,Homeopath
Alexandra Hardy,alexandrahardy@testemail.com,4965304761,Preston Group,Fine artist
Ellen Holden DDS,ellenholdendds@testemail.com,343-454-1420x735,Warren Ltd,Drilling engineer
Susan Martinez,susanmartinez@testemail.com,463-220-4840,Hardy and Sons,"Engineer, maintenance"
Christine Marks,christinemarks@testemail.com,781.206.0276x6587,Torres Ltd,English as a second language teacher
Felicia Harris,feliciaharris@testemail.com,6766461295,Walker-Stephens,Animal nutritionist
Ryan Arnold,ryanarnold@testemail.com,001-244-706-9146x52649,Clark Inc,Sports therapist
Christopher Ferguson,christopherferguson@testemail.com,295-936-7950,Fox-Bradley,Oncologist
Mary Rivera,maryrivera@testemail.com,342-428-3188,Glover-Rivera,Warehouse manager
April Cole,aprilcole@testemail.com,797-191-1981,"Watkins, Sanders and Barry",Housing manager/officer
Ernest Johnson,ernestjohnson@testemail.com,533.202.1652x15170,King and Sons,"Surveyor, mining"
Briana Chen,brianachen@testemail.com,+1-823-731-9994x4332,"Watkins, Sanders and Barry",Meteorologist
Sandra Dorsey,sandradorsey@testemail.com,474.423.3797,Gross-Kennedy,Music therapist
Stephanie Johnson MD,stephaniejohnsonmd@testemail.com,+1-703-153-0460x963,Walker-Stephens,"Nurse, adult"
Nicholas Massey,nicholasmassey@testemail.com,378.797.2371x899,Myers-Dawson,"Sales professional, IT"
Steven Mccarty,stevenmccarty@testemail.com,(842)417-5154x928,"Wagner, Bailey and Guzman",Drilling engineer
Pamela Shields,pamelashields@testemail.com,(215)021-7170,Ramos-Montgomery,"Scientist, research (life sciences)"
Diane Thomas,dianethomas@testemail.com,955.893.4880,Galvan PLC,Osteopath
Daniel Martin,danielmartin@testemail.com,171-061-1478,Morse Group,"Sound technician, broadcasting/film/video"
Janet Moore,janetmoore@testemail.com,378.636.9585x33280,Adams LLC,"Surveyor, land/geomatics"
Denise Hobbs,denisehobbs@testemail.com,323-050-2966,"Ellis, Smith and Johnson",Freight forwarder
Ronald Brooks,ronaldbrooks@testemail.com,+1-756-902-3170x89938,Wiley Group,Chief Marketing Officer
Christopher Martin,christophermartin@testemail.com,462.251.5502x710,Montes-Barnes,"Engineer, petroleum"
Darren Howell,darrenhowell@testemail.com,(372)542-0855,Warren Ltd,Civil Service administrator
Brian Byrd,brianbyrd@testemail.com,364.456.3300,Ortiz-Pham,Broadcast engineer
Francis Figueroa,francisfigueroa@testemail.com,(685)452-8972x7788,"Wagner, Bailey and Guzman",Heritage manager
Adriana Parker,adrianaparker@testemail.com,464.280.2045x719,Galvan PLC,Editorial assistant
John Patterson,johnpatterson@testemail.com,627.057.1743x7111,Hammond Inc,Stage manager
Alan Sullivan,alansullivan@testemail.com,687.412.1717,Young-Garcia,Publishing rights manager
Jeanette Lopez,jeanettelopez@testemail.com,323-811-9519,Montgomery-Brady,Charity fundraiser
Ashley Jackson,ashleyjackson@testemail.com,638.294.7546,Martinez PLC,"Editor, magazine features"
Robert Smith,robertsmith@testemail.com,235-086-1101x56008,"Bowen, Williams and Howard",Exercise physiologist
Eric Jones,ericjones@testemail.com,3613648568,Preston Group,Government social research officer
Benjamin Shields,benjaminshields@testemail.com,(216)995-6461x54017,Martinez PLC,Seismic interpreter
Michelle Roberts,michelleroberts@testemail.com,501.002.1968,Hammond Inc,Art gallery manager
Christopher Harris,christopherharris@testemail.com,573.887.6041x8713,Torres Ltd,Mudlogger
Paul Valdez,paulvaldez@testemail.com,001-660-074-8365x733,"Jones, Adkins and Robinson","Lecturer, higher education"
Jacob Lucas,jacoblucas@testemail.com,860.681.4978,Torres Ltd,"Surveyor, hydrographic"
Jacob Clay MD,jacobclaymd@testemail.com,1233101689,Rogers PLC,"Horticulturist, commercial"
Kimberly Vaughn,kimberlyvaughn@testemail.com,447-990-2916,"Powell, Mcmahon and Shaffer",Broadcast engineer
Matthew Green,matthewgreen@testemail.com,(487)085-1727x3796,Manning Inc,"Engineer, petroleum"
Brianna Stewart,briannastewart@testemail.com,564-016-4203,Morse Group,Estate agent
Frank Carroll,frankcarroll@testemail.com,787-438-8529,Hernandez-Woods,"Engineer, technical sales"
Suzanne Bell,suzannebell@testemail.com,(169)051-3035x6742,"Cooper, Chan and Banks",Legal executive
Kimberly Sims,kimberlysims@testemail.com,398.920.7773,Hernandez-Woods,Automotive engineer
Vernon Hill,vernonhill@testemail.com,065.127.4339,"Ellis, Smith and Johnson",Secondary school teacher
Kayla Hunter,kaylahunter@testemail.com,001-828-454-1659x2705,Myers-Dawson,Volunteer coordinator
Jeffrey Roberts,jeffreyroberts@testemail.com,(230)389-9695x8604,Rogers PLC,Colour technologist
Nicholas Clarke,nicholasclarke@testemail.com,(873)387-6394,"Baker, Mcdaniel and Cruz",Teaching laboratory technician
Dr. Crystal Ashley MD,dr.crystalashleymd@testemail.com,218.702.2435x24899,Ortiz-Pham,Research scientist (maths)
Douglas Lynch,douglaslynch@testemail.com,-2396,Berg Ltd,Trading standards officer
Kathryn Shepard,kathrynshepard@testemail.com,848-521-6685x9209,Morse Group,Sports coach
Alison Riddle,alisonriddle@testemail.com,864-302-0879,Olson-Sanders,Public relations account executive
Pamela Pittman,pamelapittman@testemail.com,001-027-990-7701x92973,"Powell, Mcmahon and Shaffer",Product designer
Matthew Flores,matthewflores@testemail.com,000-888-9831,"Moore, Johnson and Sanchez",Automotive engineer
Melissa Dillon,melissadillon@testemail.com,799.924.3874x722,Clark Inc,Furniture designer
Jose Vasquez,josevasquez@testemail.com,-3010,Brown-Hawkins,"Designer, multimedia"
Brian Hanson,brianhanson@testemail.com,+1-333-353-4118x346,Nelson and Sons,Theatre stage manager
Tara Rush,tararush@testemail.com,-9666,Warren Ltd,Health promotion specialist
Rachel Mccarthy,rachelmccarthy@testemail.com,001-724-140-1452x8678,"Barnes, Whitehead and Gray",Media planner
Erika Newton,erikanewton@testemail.com,853.663.4920x917,"Jones, Riddle and Stark",Volunteer coordinator
Andrew Winters,andrewwinters@testemail.com,001-856-386-6246,Wiley Group,Data scientist
Sara Anderson,saraanderson@testemail.com,077.309.0131x35202,Nunez and Sons,Adult guidance worker
William Martin,williammartin@testemail.com,001-433-399-1871,"Watkins, Sanders and Barry",Careers information officer
Duane Hunt,duanehunt@testemail.com,(822)708-5317x427,"Jones, Riddle and Stark",Sales promotion account executive
Mark Giles,markgiles@testemail.com,007.916.2084x468,Martinez PLC,Pathologist
Barbara Patterson,barbarapatterson@testemail.com,001-905-112-5826x9546,Morse Group,Fast food restaurant manager
Gina Smith,ginasmith@testemail.com,(453)322-8790x036,"Jones, Adkins and Robinson",Health visitor
James Keller,jameskeller@testemail.com,+1-523-795-3275x90944,Ortiz-Pham,Dietitian
Carly Sullivan,carlysullivan@testemail.com,576.723.9254,Clark Inc,Ergonomist
Lucas Bautista,lucasbautista@testemail.com,3696263110,Saunders-Nichols,"Sound technician, broadcasting/film/video"
Laura Hays,laurahays@testemail.com,3851614482,Potter LLC,Advertising account executive
Kathryn Martin,kathrynmartin@testemail.com,001-598-848-0822,"Jones, Quinn and Gonzalez","Biochemist, clinical"
Joseph Frost,josephfrost@testemail.com,-6352,Nunez and Sons,"Teacher, special educational needs"
Rebecca Burton,rebeccaburton@testemail.com,998.613.2272x9826,Rogers PLC,Petroleum engineer
David Davis,daviddavis@testemail.com,(760)232-2534,Martinez PLC,Information officer
Mark Smith,marksmith@testemail.com,669.529.3267x769,"Cooper, Chan and Banks","Teacher, secondary school"
Edward Gilmore,edwardgilmore@testemail.com,628.025.5426x8367,"Watkins, Sanders and Barry",Mining engineer
Zachary Horton,zacharyhorton@testemail.com,(022)390-7521,Glover-Rivera,Clothing/textile technologist
John Snow,johnsnow@testemail.com,001-594-675-8437x1957,Fisher-Stevenson,"Research officer, trade union"
Chris Gross,chrisgross@testemail.com,355-827-3394x425,Torres Ltd,Geoscientist
Keith Conner,keithconner@testemail.com,-2229,Nelson and Sons,Web designer
Jason Craig,jasoncraig@testemail.com,247-686-9496x9370,"Bell, Dean and Oneill",Quarry manager
Manuel Graham,manuelgraham@testemail.com,9879009944,Campos Group,Teaching laboratory technician
Cindy Mitchell,cindymitchell@testemail.com,140.483.1767x26208,"Brown, Woodward and Sexton",Herbalist
Terry Baker,terrybaker@testemail.com,288-164-6925,Young-Garcia,Television floor manager
Joseph Bishop,josephbishop@testemail.com,8041992854,Fisher-Stevenson,Energy manager
Mark Warren,markwarren@testemail.com,4303860508,Gross-Kennedy,Armed forces operational officer
Brianna Moore,briannamoore@testemail.com,578.046.4113,"Johnson, Jones and Shah",Air cabin crew
Joseph Patterson,josephpatterson@testemail.com,001-942-629-8078x7365,Potter LLC,"Buyer, industrial"
Daniel Ellis,danielellis@testemail.com,918-603-9097,Medina-Davis,Counsellor
Emily Brown,emilybrown@testemail.com,001-523-084-2138x704,Harris-Chapman,"Sound technician, broadcasting/film/video"
Rachael Jackson,rachaeljackson@testemail.com,(244)103-3014,Martinez PLC,"Engineer, aeronautical"
Victor Griffith,victorgriffith@testemail.com,729.782.2490,Adams LLC,Clinical psychologist
Barbara Stokes,barbarastokes@testemail.com,080-352-6419x62063,Williams LLC,"Journalist, broadcasting"
Steven Fox,stevenfox@testemail.com,(176)285-7921x7123,Allen LLC,Animal technologist
Nathan Harding,nathanharding@testemail.com,260.914.0386x4249,"Jones, Quinn and Gonzalez","Programmer, multimedia"
Jason Ramos,jasonramos@testemail.com,055-246-8896x50284,Medina-Davis,Financial risk analyst
Scott Wallace,scottwallace@testemail.com,(524)703-8345,Fox-Bradley,"Librarian, academic"
Amanda Kent,amandakent@testemail.com,4939544130,"Baker, Mcdaniel and Cruz","Surveyor, building"
Mrs. Felicia Johnson MD,mrs.feliciajohnsonmd@testemail.com,714.335.8813x0231,"Jones, Quinn and Gonzalez",Metallurgist
Cameron Horn,cameronhorn@testemail.com,665-538-6029x95568,Nelson and Sons,Manufacturing systems engineer
Allison Morgan,allisonmorgan@testemail.com,(210)752-4807,Young-Garcia,Chartered accountant
Kelly Richardson,kellyrichardson@testemail.com,+1-312-660-8961x2017,"Jones, Riddle and Stark",Advertising account executive
Crystal Beard,crystalbeard@testemail.com,243.921.0043,"Cooper, Chan and Banks","Engineer, automotive"
Emily Lynch,emilylynch@testemail.com,001-206-670-9565x29728,Fernandez-Martin,Patent attorney
James Hardin,jameshardin@testemail.com,177.443.8087x680,"Jones, Quinn and Gonzalez",Ophthalmologist
Monique Price,moniqueprice@testemail.com,(428)252-0998x494,"Moore, Johnson and Sanchez","Surveyor, insurance"
Steven Gates,stevengates@testemail.com,232.963.7328,Young-Garcia,Biomedical engineer
Anthony Li,anthonyli@testemail.com,001-745-395-7015x6303,Warren Ltd,Facilities manager
Aimee Taylor,aimeetaylor@testemail.com,116-971-8849,Cervantes,Operational researcher
James Thompson,jamesthompson@testemail.com,3697115189,Cooper-West,Occupational hygienist
Alison Freeman,alisonfreeman@testemail.com,001-602-700-6770x3009,Henderson-Silva,Scientific laboratory technician
Katelyn Small,katelynsmall@testemail.com,(778)092-3445,Fernandez-Martin,Commercial art gallery manager
Joseph Vaughn,josephvaughn@testemail.com,(555)886-9040,Fisher-Stevenson,"Engineer, biomedical"
Michael Ballard,michaelballard@testemail.com,188-890-2748x057,BeanInc,"Surveyor, minerals"
Christopher Wheeler,christopherwheeler@testemail.com,498-894-5543x96438,Fernandez-Martin,Art gallery manager
Susan Snyder,susansnyder@testemail.com,351-198-6609x2584,"Jones, Quinn and Gonzalez","Programmer, applications"
Sara Wells PhD,sarawellsphd@testemail.com,943-063-0224x719,Brown-Hawkins,"Engineer, site"
Andrew Stewart,andrewstewart@testemail.com,+1-325-461-0834x5300,Martinez PLC,"Accountant, chartered public finance"
Cynthia Garrett,cynthiagarrett@testemail.com,133-179-4208x750,Durham Inc,"Surveyor, commercial/residential"
Michelle Phillips,michellephillips@testemail.com,731-567-6074,Hunt-Reed,"Psychologist, sport and exercise"
Jordan Mcbride,jordanmcbride@testemail.com,951.746.8235x4192,"Baker, Mcdaniel and Cruz",Diagnostic radiographer
Jennifer Mason,jennifermason@testemail.com,-859,"Raymond, Terry and Warner",Psychiatric nurse
Jason Jackson,jasonjackson@testemail.com,175.107.0546x915,Martinez PLC,Art therapist
Erin Osborne,erinosborne@testemail.com,001-691-243-4784,Allen LLC,Insurance underwriter
Amy Yu,amyyu@testemail.com,+1-138-188-1517x1967,Martinez PLC,Economist
Bethany Mcdaniel,bethanymcdaniel@testemail.com,607.189.3082,Warren Ltd,Legal secretary
Gary Anderson,garyanderson@testemail.com,001-114-237-8857x763,Brown-Hawkins,Multimedia programmer
Megan Hudson,meganhudson@testemail.com,(667)320-4764x296,Medina-Davis,Health visitor
Kelsey Lopez,kelseylopez@testemail.com,(834)648-9025x5304,Martin-Gates,Energy manager
Samantha Hansen,samanthahansen@testemail.com,(453)418-8760x69742,Lopez-Kirby,Broadcast journalist
Charles Paul,charlespaul@testemail.com,001-846-775-2574x313,Morse Group,Field trials officer
Rebecca Braun,rebeccabraun@testemail.com,954-710-7684,Gross-Kennedy,Chief Technology Officer
Courtney Nunez,courtneynunez@testemail.com,+1-128-694-1477x4703,"Jones, Adkins and Robinson",Forensic scientist
Christopher Pugh,christopherpugh@testemail.com,368-761-6844x870,Lopez-Kirby,Charity officer
Tanya Sanchez,tanyasanchez@testemail.com,550.756.8582x7926,Fisher-Stevenson,Retail merchandiser
Angela Blair,angelablair@testemail.com,+1-624-821-4940x4059,"Cooper, Chan and Banks","Radiographer, diagnostic"
Michael Lozano,michaellozano@testemail.com,001-625-833-1308x51753,Williams LLC,Historic buildings inspector/conservation officer
Peggy Ortiz,peggyortiz@testemail.com,657.069.9946,Potter LLC,Glass blower/designer
Rebecca Stevens,rebeccastevens@testemail.com,(114)376-8910x88522,Olson-Sanders,"Conservator, furniture"
Joseph Bryan,josephbryan@testemail.com,125.753.5845x99558,Adams LLC,Ceramics designer
Hannah Booker,hannahbooker@testemail.com,001-806-484-9940x0311,Clark Inc,Animal nutritionist
Scott Hernandez,scotthernandez@testemail.com,-2332,Hernandez-Woods,Chemical engineer
Jose Snyder,josesnyder@testemail.com,(030)625-1690x9869,Rogers PLC,"Scientist, biomedical"
David Williamson,davidwilliamson@testemail.com,909-741-7257x0999,Harris-Becker,Proofreader
Donald Ramirez,donaldramirez@testemail.com,808-721-0263,"Sawyer, Powers and Parrish",Higher education careers adviser
Brandon Trevino,brandontrevino@testemail.com,756-599-5003,Olson-Sanders,"Surveyor, insurance"
Mark Hernandez,markhernandez@testemail.com,-10337,Fernandez-Martin,"Engineer, building services"
Mr. Michael Williams,mr.michaelwilliams@testemail.com,(481)656-4700,Martinez PLC,Archivist
Kimberly Booker,kimberlybooker@testemail.com,+1-280-255-0065x25220,Montgomery-Cox,"Psychologist, educational"
Jacqueline Smith,jacquelinesmith@testemail.com,572.945.6909,"Bass, Ortiz and Fitzpatrick",Community development worker
Samantha Garcia,samanthagarcia@testemail.com,605-245-5783,"Russo, Moran and Hoffman","Optician, dispensing"
Stephen Smith,stephensmith@testemail.com,(381)470-5654x616,"Jones, Adkins and Robinson",Medical laboratory scientific officer
Dr. Amy Moore,dr.amymoore@testemail.com,001-292-258-8792x890,Rogers PLC,"Therapist, occupational"
Mrs. Melanie Brown,mrs.melaniebrown@testemail.com,(864)449-2315,Durham Inc,Systems developer
Tina Galvan,tinagalvan@testemail.com,(551)445-3844,Montgomery-Cox,"Therapist, occupational"
Paula Dickerson,pauladickerson@testemail.com,814.385.4810,"Lynch, Harris and Cook",Restaurant manager
Kathleen Snyder,kathleensnyder@testemail.com,001-204-116-0443x173,Torres Ltd,"Education officer, environmental"
Debra Collins,debracollins@testemail.com,(924)991-3123,Jackson Ltd,"Engineer, manufacturing"
Carl Hall,carlhall@testemail.com,001-056-035-1291,Martinez PLC,Trading standards officer
James Cox,jamescox@testemail.com,363-470-8214,"Powell, Mcmahon and Shaffer",Call centre manager
Mr. Collin Robinson Jr.,mr.collinrobinsonjr.@testemail.com,156.216.4624x740,Ramos-Montgomery,Catering manager
David Mcbride,davidmcbride@testemail.com,537-726-9380x7220,"Jones, Riddle and Stark",Copy
Emily Cooper,emilycooper@testemail.com,+1-863-518-5964x867,"Barnes, Whitehead and Gray",Hotel manager
Mallory Ross,malloryross@testemail.com,001-274-371-2622x350,Torres Ltd,Chief Strategy Officer
Lucas Butler,lucasbutler@testemail.com,235-233-9380x65922,"Boyd, Alexander and Walker",Restaurant manager
Tiffany Navarro,tiffanynavarro@testemail.com,-11284,Rogers PLC,Chief of Staff
Heather Harrell,heatherharrell@testemail.com,(897)677-3853x8157,Martinez PLC,Commercial horticulturist
Nancy Anderson,nancyanderson@testemail.com,(892)295-5388x2349,Guerra-Garcia,Broadcast engineer
Daniel Cannon,danielcannon@testemail.com,+1-481-638-1729x8662,Morse Group,"Pharmacist, hospital"
Todd Lewis,toddlewis@testemail.com,363-768-7817,"Cooper, Chan and Banks",Hydrologist
Sabrina Delgado,sabrinadelgado@testemail.com,804.267.8976x8359,"Jones, Adkins and Robinson",Futures trader
Shawn Webb,shawnwebb@testemail.com,-5652,Glover-Rivera,Museum education officer
Jacob Barnes,jacobbarnes@testemail.com,001-317-246-2678x85388,"Watkins, Sanders and Barry",Astronomer
Terry Harris,terryharris@testemail.com,558.843.9154x402,"Bass, Ortiz and Fitzpatrick","Teacher, music"
Gary Mullins,garymullins@testemail.com,989.133.8738x6524,Kelly Inc,"Education officer, environmental"
Janice Beck,janicebeck@testemail.com,295.704.8870x97750,Campos Group,Race relations officer
Bryan Nelson,bryannelson@testemail.com,+1-304-963-5303x087,Harris-Chapman,"Scientist, physiological"
Amber Castro,ambercastro@testemail.com,124.331.2093x393,Montes-Barnes,"Therapist, horticultural"
John Lee,johnlee@testemail.com,(291)192-9332x25475,"Powell, Mcmahon and Shaffer",Clinical psychologist
Ashley Gregory,ashleygregory@testemail.com,834.149.2423,"Bass, Ortiz and Fitzpatrick",Dancer
Brian Mitchell,brianmitchell@testemail.com,537.527.2549,Harris-Becker,"Designer, textile"
Jennifer Michael,jennifermichael@testemail.com,653.258.3597x1403,Weiss-Ortiz,Web designer
Samantha Weiss,samanthaweiss@testemail.com,332-253-2915x33882,"Jones, Adkins and Robinson",Call centre manager
Amber Vargas,ambervargas@testemail.com,665-837-4039,"Bass, Ortiz and Fitzpatrick","Engineer, automotive"
Crystal Jones,crystaljones@testemail.com,407-896-1359x541,"Johnson, Jones and Shah",Financial trader
Lauren Vasquez,laurenvasquez@testemail.com,001-703-922-6994x99436,Nelson and Sons,Television/film/video producer
Amanda Mcguire,amandamcguire@testemail.com,464-423-7789x250,"Raymond, Terry and Warner",Architect
Michael Smith,michaelsmith@testemail.com,001-453-751-1546x5431,Williams LLC,"Engineer, broadcasting (operations)"
James Davis,jamesdavis@testemail.com,+1-750-481-5225x502,Manning Inc,Hydrographic surveyor
Connie Neal,connieneal@testemail.com,623.599.6635,Rogers PLC,Learning mentor
Kathryn Jones,kathrynjones@testemail.com,(228)919-1001,Cooper-West,Counselling psychologist
Kimberly Perry,kimberlyperry@testemail.com,+1-756-414-2033x539,Rogers PLC,"Runner, broadcasting/film/video"
Kimberly Perez,kimberlyperez@testemail.com,(964)050-2758,"Jones, Riddle and Stark","Surveyor, planning and development"
Samantha Jordan,samanthajordan@testemail.com,561.745.8359,"Bell, Dean and Oneill",Higher education lecturer
Albert Perez,albertperez@testemail.com,+1-364-273-7830x50007,Martinez PLC,"Investment banker, corporate"
Christopher Alvarez,christopheralvarez@testemail.com,0616374435,"Moore, Warren and Morris",Printmaker
Kenneth Wallace,kennethwallace@testemail.com,002.413.9387x61662,Ortiz-Pham,Metallurgist
Chloe Jackson,chloejackson@testemail.com,7408661500,"Powell, Mcmahon and Shaffer",Financial risk analyst
James May,jamesmay@testemail.com,570-502-7558x5616,Adams LLC,Primary school teacher
Christina Carrillo,christinacarrillo@testemail.com,(589)253-7301,Gross-Kennedy,Music therapist
Alexander Hernandez,alexanderhernandez@testemail.com,026.563.6739x5064,Montes-Barnes,"Merchandiser, retail"
Emily Nixon,emilynixon@testemail.com,+1-314-107-9506x035,Potter LLC,Social worker
Matthew Davis Jr.,matthewdavisjr.@testemail.com,831.914.1789x4745,King and Sons,Land
Jared Woods,jaredwoods@testemail.com,(605)600-2973x6712,Rogers PLC,Intelligence analyst
Sheila Gallagher,sheilagallagher@testemail.com,001-073-123-3994x47861,Adams LLC,Osteopath
Jennifer Johnston,jenniferjohnston@testemail.com,608.741.1185x630,Whitehead-Bell,Financial manager
Anthony Simon,anthonysimon@testemail.com,623-425-7785x47684,Fox-Bradley,Primary school teacher
Stephen Miller,stephenmiller@testemail.com,(024)021-0609,Smith PLC,Social researcher
Jerry Ward,jerryward@testemail.com,001-864-646-6419x086,Medina-Davis,Community development worker
Sarah Cooper,sarahcooper@testemail.com,739.900.1666,Nelson and Sons,Publishing rights manager
Jacob Walter,jacobwalter@testemail.com,(757)651-7054x245,Fisher-Stevenson,Chief Financial Officer
David Robinson,davidrobinson@testemail.com,746-939-5903x62327,Warren Ltd,Public librarian
Melissa Young,melissayoung@testemail.com,-9941,Smith PLC,Civil Service fast streamer
James Brooks,jamesbrooks@testemail.com,001-641-382-7293x8110,Nunez and Sons,Contractor
Connie Moore MD,conniemooremd@testemail.com,877.531.6706,Warren Ltd,"Merchandiser, retail"
Daniel Shepherd,danielshepherd@testemail.com,131-989-1659x0507,Johnson PLC,Animal technologist
Nicole Barber,nicolebarber@testemail.com,7768356004,Nelson and Sons,Electrical engineer
Mallory Palmer,mallorypalmer@testemail.com,(234)542-1680x0019,Rogers PLC,Hospital pharmacist
Jessica White,jessicawhite@testemail.com,530-874-9178,Harris-Chapman,Retail merchandiser
Heather Mcdowell,heathermcdowell@testemail.com,(462)369-0145x9747,Cooper-West,Music tutor
Martin Owens,martinowens@testemail.com,001-585-175-7338x2356,Adams LLC,Contracting civil engineer
Jennifer Melton,jennifermelton@testemail.com,963.172.9501x59284,Olson-Sanders,Petroleum engineer
Andrew Bradley,andrewbradley@testemail.com,893-133-9379x58533,Rogers PLC,Veterinary surgeon
Wesley Wells,wesleywells@testemail.com,397.440.5264,Fox-Bradley,"Librarian, academic"
David Perry,davidperry@testemail.com,(361)236-3017x00364,Gross-Kennedy,"Engineer, chemical"
Jacob Grant,jacobgrant@testemail.com,(000)184-5402,Young-Garcia,"Psychologist, clinical"
William Reynolds,williamreynolds@testemail.com,(345)080-7660x704,"Russo, Moran and Hoffman","Psychologist, clinical"
Michael Williams,michaelwilliams@testemail.com,001-341-103-4656x3600,Weiss-Ortiz,"Accountant, chartered"
Dr. Paul Torres,dr.paultorres@testemail.com,371-323-7493,"Powell, Mcmahon and Shaffer","Lecturer, further education"
Jennifer Hanna,jenniferhanna@testemail.com,(444)028-7658x240,Brown-Hawkins,"Sound technician, broadcasting/film/video"
Garrett Mayo,garrettmayo@testemail.com,001-573-797-7928x721,Young-Garcia,Corporate investment banker
Daniel Contreras,danielcontreras@testemail.com,523-971-6431,Whitehead-Bell,Technical sales engineer
Sharon Johnson,sharonjohnson@testemail.com,651-789-8844x92847,Jackson Ltd,"Education officer, environmental"
Virginia Wright,virginiawright@testemail.com,(158)780-6410x5246,Glover-Rivera,"Nurse, mental health"
Tyler Boyd,tylerboyd@testemail.com,9275583336,Cervantes Inc,"Teacher, early years/pre"
Jonathan Wilson,jonathanwilson@testemail.com,5454577614,Martinez PLC,Environmental health practitioner
Anthony Shaffer,anthonyshaffer@testemail.com,+1-261-239-3306x151,"Jones, Adkins and Robinson",Occupational hygienist
Jacob Howard,jacobhoward@testemail.com,+1-433-659-1813x80362,Martinez PLC,Risk manager
Isaac Bowman,isaacbowman@testemail.com,+1-532-506-1188x559,Montes-Barnes,"Surveyor, building control"
Sarah Downs,sarahdowns@testemail.com,985-336-2055,Torres Ltd,"Embryologist, clinical"
Gloria Faulkner,gloriafaulkner@testemail.com,745.512.6438x05863,"Powell, Mcmahon and Shaffer",Fitness centre manager
Amber Willis,amberwillis@testemail.com,601.135.9333x1714,"Brown, Woodward and Sexton",Intelligence analyst
Christina Gonzalez,christinagonzalez@testemail.com,(926)287-9245,"Jones, Quinn and Gonzalez","Engineer, electronics"
Mr. Christopher Brown,mr.christopherbrown@testemail.com,001-251-072-0588x46642,"Jones, Riddle and Stark",Air cabin crew
Ryan Jenkins,ryanjenkins@testemail.com,435.020.6591x45818,Martinez PLC,Chartered public finance accountant
Dean Robinson,deanrobinson@testemail.com,(498)874-6103x12028,Torres Ltd,"Teacher, primary school"
William Carlson,williamcarlson@testemail.com,(156)436-8304,Allen LLC,Geoscientist
Felicia Adams,feliciaadams@testemail.com,001-464-130-0762x556,Duarte-Patterson,Illustrator
Billy Mendez,billymendez@testemail.com,1400895317,"Watkins, Sanders and Barry",Secondary school teacher
Blake Buck,blakebuck@testemail.com,865.542.5338,"Miller, Hoover and Erickson",Metallurgist
Alexis Shelton,alexisshelton@testemail.com,+1-234-195-4011x44279,Durham Inc,Furniture designer
John Pratt,johnpratt@testemail.com,+1-920-830-2776x561,Smith PLC,Civil Service fast streamer
Edward Hardy,edwardhardy@testemail.com,574.628.2945,Harris-Becker,Secondary school teacher
Hunter Hardin,hunterhardin@testemail.com,(447)769-3686x75452,Campos Group,"Teacher, secondary school"
Travis Klein,travisklein@testemail.com,723-871-0381x5389,Duarte-Patterson,Cabin crew
Robert Haas,roberthaas@testemail.com,-3204,Ramos-Montgomery,Tax inspector
Lisa Campbell,lisacampbell@testemail.com,6777344302,"Jones, Riddle and Stark",Health physicist
Patrick Allen,patrickallen@testemail.com,001-420-775-7575,Martinez PLC,IT consultant
Donna Williams,donnawilliams@testemail.com,-6767,Smith PLC,Psychiatrist
Tonya Rivas,tonyarivas@testemail.com,001-666-746-9596,Walker-Stephens,Aeronautical engineer
Aaron Perkins,aaronperkins@testemail.com,-6021,Gross-Kennedy,Chiropractor
Margaret Phillips,margaretphillips@testemail.com,6025488150,Clark Inc,Television camera operator
Taylor Rogers,taylorrogers@testemail.com,361.872.4205,"Jones, Adkins and Robinson",Therapeutic radiographer
Madison Austin,madisonaustin@testemail.com,-10732,"Sawyer, Powers and Parrish","Surveyor, building control"
Luis Bailey,luisbailey@testemail.com,(340)592-8611x32556,"Cooper, Chan and Banks",Petroleum engineer
Dean Richard,deanrichard@testemail.com,+1-608-139-7400x8208,"Garcia, Lee and Williams",Sports development officer
Jeffery Jones,jefferyjones@testemail.com,+1-229-518-7262x564,Warren Ltd,Film/video editor
Ashley Johnson,ashleyjohnson@testemail.com,273.080.2892x213,"Russo, Moran and Hoffman","Producer, radio"
Lori Sullivan,lorisullivan@testemail.com,491-370-5689x385,Perkins-Watkins,Colour technologist
Robert Hogan,roberthogan@testemail.com,+1-929-849-1520x64058,"Raymond, Terry and Warner","Designer, jewellery"
